LFRKA205;ewGGD
LFRKAA206;ewGGD
LFRKA208;ewGGD
LFALA201;ewGGD
LFALA213;ewGGD
LFALS230;ewGGD
zwaar_overmatig;ewGGD
MCMZGS203;ewCBSGGD
MCMZGB205;ewCBSGGD
MCMZGS204;ewCBSGGD
LFVDS206;ewGGD
LFVDS222;ewGGD
LFVDS220;ewGGD
KLGGA208;ewCBSGGD
CALGS260;ewCBSGGD
LGBPS209;ewCBSGGD
LGBPS203;ewCBSGGD
LGBPS204;ewCBSGGD
LGBPS205;ewCBSGGD
AGGWS208;ewCBSGGD
AGGWS205;ewCBSGGD
AGGWS204;ewCBSGGD
RLBEW;ewCBSGGD
FITNORM;ewCBSGGD
SPORTER;ewCBSGGD
GGADA203;ewGGD
psychb;ewGGD
EENZAAM_ERNSTIG;ewGGD
GGEES216;ewGGD
GGEES215;ewGGD
GGRLS203;ewGGD
CHRON_D4;ewGGD
CHRON_D6;ewGGD
CHRON_D7;ewGGD
hvzb;ewGGD
bwsb;ewGGD
CALGFA201;ewGGD
